,BCLIMATE,RCS,RSDA,H-CEL,RMIB-UGENT
Q1,596069.62,1921241.6099999999,456948.28,4165500.88,2107919.3600000003
Q2,519487.1199999999,3093722.7600000002,1006164.5399999999,1847452.8200000005,5014291.68
Q3,2621452.66,2073349.89,1532523.7,149352.74000000002,7204987.029999998
Q4,544634.2500000001,268342.27,494029.4,961.67,4253291.0200000005
total,4281643.65,7356656.529999999,3489665.9199999995,6163268.11,18580489.09
